Country Name,Country Code,Series Name,Series Code,2018 [YR2018],2019 [YR2019]
Afghanistan,AFG,GDP (current US$),NY.GDP.MKTP.CD,18053222734.8881,18799444414.5998
Afghanistan,AFG,"Life expectancy at birth, total (years)",SP.DYN.LE00.IN,63.081,63.565
Afghanistan,AFG,CO2 emissions (metric tons per capita),EN.ATM.CO2E.PC,0.299082634225993,0.297563650500103
Albania,ALB,GDP (current US$),NY.GDP.MKTP.CD,15156424015.1977,15401826127.2539
Albania,ALB,"Life expectancy at birth, total (years)",SP.DYN.LE00.IN,79.184,79.282
Albania,ALB,CO2 emissions (metric tons per capita),EN.ATM.CO2E.PC,1.85464154039805,1.74946245713759
Algeria,DZA,GDP (current US$),NY.GDP.MKTP.CD,174910684781.571,171760275466.61
Algeria,DZA,"Life expectancy at birth, total (years)",SP.DYN.LE00.IN,76.066,76.474
Algeria,DZA,CO2 emissions (metric tons per capita),EN.ATM.CO2E.PC,3.92429872230088,3.99440182789199
American Samoa,ASM,GDP (current US$),NY.GDP.MKTP.CD,639000000,647000000
American Samoa,ASM,"Life expectancy at birth, total (years)",SP.DYN.LE00.IN,..,..
American Samoa,ASM,CO2 emissions (metric tons per capita),EN.ATM.CO2E.PC,..,..
Andorra,AND,GDP (current US$),NY.GDP.MKTP.CD,3218418631.67579,3155150255.91195
Andorra,AND,"Life expectancy at birth, total (years)",SP.DYN.LE00.IN,..,..
Andorra,AND,CO2 emissions (metric tons per capita),EN.ATM.CO2E.PC,6.59405703011478,6.2872038038851
Angola,AGO,GDP (current US$),NY.GDP.MKTP.CD,79450688232.0011,70897962712.6213
Angola,AGO,"Life expectancy at birth, total (years)",SP.DYN.LE00.IN,62.144,62.448
Angola,AGO,CO2 emissions (metric tons per capita),EN.ATM.CO2E.PC,0.755827619476188,0.753638205444169
Antigua and Barbuda,ATG,GDP (current US$),NY.GDP.MKTP.CD,1661529629.62963,1725351851.85185
Antigua and Barbuda,ATG,"Life expectancy at birth, total (years)",SP.DYN.LE00.IN,78.511,78.691
Antigua and Barbuda,ATG,CO2 emissions (metric tons per capita),EN.ATM.CO2E.PC,5.5508261847074,5.52558159731646
Argentina,ARG,GDP (current US$),NY.GDP.MKTP.CD,524819892360.176,447754683615.225
Argentina,ARG,"Life expectancy at birth, total (years)",SP.DYN.LE00.IN,76.999,77.284
Argentina,ARG,CO2 emissions (metric tons per capita),EN.ATM.CO2E.PC,3.97565074444479,3.74202981162433
Armenia,ARM,GDP (current US$),NY.GDP.MKTP.CD,12457940694.7395,13619290539.2116
Armenia,ARM,"Life expectancy at birth, total (years)",SP.DYN.LE00.IN,75.064,75.439
Armenia,ARM,CO2 emissions (metric tons per capita),EN.ATM.CO2E.PC,2.01377938113001,2.1965523671897
Aruba,ABW,GDP (current US$),NY.GDP.MKTP.CD,3276184357.5419,3395798882.68156
Aruba,ABW,"Life expectancy at birth, total (years)",SP.DYN.LE00.IN,76.072,76.248
Aruba,ABW,CO2 emissions (metric tons per capita),EN.ATM.CO2E.PC,..,..
Australia,AUS,GDP (current US$),NY.GDP.MKTP.CD,1429733668185.91,1394671325960.57
Australia,AUS,"Life expectancy at birth, total (years)",SP.DYN.LE00.IN,82.7487804878049,82.9
Australia,AUS,CO2 emissions (metric tons per capita),EN.ATM.CO2E.PC,15.8657135218488,15.5990453615115
Austria,AUT,GDP (current US$),NY.GDP.MKTP.CD,454991174096.102,444596155845.254
Austria,AUT,"Life expectancy at birth, total (years)",SP.DYN.LE00.IN,81.6926829268293,81.8951219512195
Austria,AUT,CO2 emissions (metric tons per capita),EN.ATM.CO2E.PC,7.14114021108032,7.26333120118199
Azerbaijan,AZE,GDP (current US$),NY.GDP.MKTP.CD,47112470051.7701,48174235294.1176
Azerbaijan,AZE,"Life expectancy at birth, total (years)",SP.DYN.LE00.IN,72.76,73.102
Azerbaijan,AZE,CO2 emissions (metric tons per capita),EN.ATM.CO2E.PC,3.29264124897847,3.54349533028946
"Bahamas, The",BHS,GDP (current US$),NY.GDP.MKTP.CD,12653600000,13058700000
"Bahamas, The",BHS,"Life expectancy at birth, total (years)",SP.DYN.LE00.IN,73.806,71.205
"Bahamas, The",BHS,CO2 emissions (metric tons per capita),EN.ATM.CO2E.PC,6.955357720462,6.48289363427156
Bahrain,BHR,GDP (current US$),NY.GDP.MKTP.CD,37802005319.1489,38653318085.1064
Bahrain,BHR,"Life expectancy at birth, total (years)",SP.DYN.LE00.IN,79.857,80.019
Bahrain,BHR,CO2 emissions (metric tons per capita),EN.ATM.CO2E.PC,20.7379617303374,22.063354812112
Bangladesh,BGD,GDP (current US$),NY.GDP.MKTP.CD,321379127909.353,351238399005.451
Bangladesh,BGD,"Life expectancy at birth, total (years)",SP.DYN.LE00.IN,72.567,72.806
Bangladesh,BGD,CO2 emissions (metric tons per capita),EN.ATM.CO2E.PC,0.586157624560863,0.559733655592985
Barbados,BRB,GDP (current US$),NY.GDP.MKTP.CD,5110250000,5341100000
Barbados,BRB,"Life expectancy at birth, total (years)",SP.DYN.LE00.IN,77.067,77.257
Barbados,BRB,CO2 emissions (metric tons per capita),EN.ATM.CO2E.PC,4.54138182546266,4.16614319366122
Belarus,BLR,GDP (current US$),NY.GDP.MKTP.CD,60031173807.7196,64410122847.3508
Belarus,BLR,"Life expectancy at birth, total (years)",SP.DYN.LE00.IN,74.1756097560976,74.2268292682927
Belarus,BLR,CO2 emissions (metric tons per capita),EN.ATM.CO2E.PC,6.27957941620664,6.12342695003417
Belgium,BEL,GDP (current US$),NY.GDP.MKTP.CD,543299066998.902,535865804349.803
Belgium,BEL,"Life expectancy at birth, total (years)",SP.DYN.LE00.IN,81.5951219512195,81.9951219512195
Belgium,BEL,CO2 emissions (metric tons per capita),EN.ATM.CO2E.PC,8.18436667928584,8.09379074556662
Belize,BLZ,GDP (current US$),NY.GDP.MKTP.CD,2292787335.62452,2386792476.10637
Belize,BLZ,"Life expectancy at birth, total (years)",SP.DYN.LE00.IN,73.703,73.931
Belize,BLZ,CO2 emissions (metric tons per capita),EN.ATM.CO2E.PC,1.64892976606136,1.89208291034323
Benin,BEN,GDP (current US$),NY.GDP.MKTP.CD,14262408079.7014,14390708756.988
Benin,BEN,"Life expectancy at birth, total (years)",SP.DYN.LE00.IN,60.14,60.454
Benin,BEN,CO2 emissions (metric tons per capita),EN.ATM.CO2E.PC,0.636814493777282,0.60823677321991
Bermuda,BMU,GDP (current US$),NY.GDP.MKTP.CD,7225977000,7423465000
Bermuda,BMU,"Life expectancy at birth, total (years)",SP.DYN.LE00.IN,80.825,81.033
Bermuda,BMU,CO2 emissions (metric tons per capita),EN.ATM.CO2E.PC,..,..
Bhutan,BTN,GDP (current US$),NY.GDP.MKTP.CD,2583335723.83252,2735683408.71698
Bhutan,BTN,"Life expectancy at birth, total (years)",SP.DYN.LE00.IN,71.129,71.391
Bhutan,BTN,CO2 emissions (metric tons per capita),EN.ATM.CO2E.PC,1.90828976926791,1.86720072342627
Bolivia,BOL,GDP (current US$),NY.GDP.MKTP.CD,40287647930.5355,40895322850.9407
Bolivia,BOL,"Life expectancy at birth, total (years)",SP.DYN.LE00.IN,67.748,67.841
Bolivia,BOL,CO2 emissions (metric tons per capita),EN.ATM.CO2E.PC,1.88518817031758,1.85346150629409
Bosnia and Herzegovina,BIH,GDP (current US$),NY.GDP.MKTP.CD,20484053868.9246,20482608755.379
Bosnia and Herzegovina,BIH,"Life expectancy at birth, total (years)",SP.DYN.LE00.IN,77.093,77.241
Bosnia and Herzegovina,BIH,CO2 emissions (metric tons per capita),EN.ATM.CO2E.PC,6.65145351838121,6.28566395622831
Botswana,BWA,GDP (current US$),NY.GDP.MKTP.CD,17031943186.1353,16725908666.8462
Botswana,BWA,"Life expectancy at birth, total (years)",SP.DYN.LE00.IN,65.422,65.464
Botswana,BWA,CO2 emissions (metric tons per capita),EN.ATM.CO2E.PC,3.28847103849256,2.8796632558601
Brazil,BRA,GDP (current US$),NY.GDP.MKTP.CD,1916933898038.36,1873288205186.45
Brazil,BRA,"Life expectancy at birth, total (years)",SP.DYN.LE00.IN,75.109,75.338
Brazil,BRA,CO2 emissions (metric tons per capita),EN.ATM.CO2E.PC,2.06426147881772,2.05077012882977
British Virgin Islands,VGB,GDP (current US$),NY.GDP.MKTP.CD,..,..
British Virgin Islands,VGB,"Life expectancy at birth, total (years)",SP.DYN.LE00.IN,75.831,75.863
British Virgin Islands,VGB,CO2 emissions (metric tons per capita),EN.ATM.CO2E.PC,..,..
Brunei Darussalam,BRN,GDP (current US$),NY.GDP.MKTP.CD,13566937673.7966,13469235364.7032
Brunei Darussalam,BRN,"Life expectancy at birth, total (years)",SP.DYN.LE00.IN,74.712,74.748
Brunei Darussalam,BRN,CO2 emissions (metric tons per capita),EN.ATM.CO2E.PC,17.3623104307419,16.111932938856
Bulgaria,BGR,GDP (current US$),NY.GDP.MKTP.CD,66370132238.3914,68881010245.5498
Bulgaria,BGR,"Life expectancy at birth, total (years)",SP.DYN.LE00.IN,74.9634146341464,75.1121951219512
Bulgaria,BGR,CO2 emissions (metric tons per capita),EN.ATM.CO2E.PC,5.82177716644055,5.61371010274005
Burkina Faso,BFA,GDP (current US$),NY.GDP.MKTP.CD,15890066221.2882,16032813501.6639
Burkina Faso,BFA,"Life expectancy at birth, total (years)",SP.DYN.LE00.IN,60.047,60.039
Burkina Faso,BFA,CO2 emissions (metric tons per capita),EN.ATM.CO2E.PC,0.252428280421403,0.26950158887331
Burundi,BDI,GDP (current US$),NY.GDP.MKTP.CD,2667182199.51333,2576518879.82353
Burundi,BDI,"Life expectancy at birth, total (years)",SP.DYN.LE00.IN,61.688,62.351
Burundi,BDI,CO2 emissions (metric tons per capita),EN.ATM.CO2E.PC,0.057850230113233,0.0595713389942667
Cabo Verde,CPV,GDP (current US$),NY.GDP.MKTP.CD,2205099506.99994,2252177124.32402
Cabo Verde,CPV,"Life expectancy at birth, total (years)",SP.DYN.LE00.IN,75.733,76.004
Cabo Verde,CPV,CO2 emissions (metric tons per capita),EN.ATM.CO2E.PC,1.04113781114212,1.06961509800184
Cambodia,KHM,GDP (current US$),NY.GDP.MKTP.CD,24571753583.3935,27089390032.798
Cambodia,KHM,"Life expectancy at birth, total (years)",SP.DYN.LE00.IN,70.561,70.692
Cambodia,KHM,CO2 emissions (metric tons per capita),EN.ATM.CO2E.PC,0.845896953293299,1.11633042620485
Cameroon,CMR,GDP (current US$),NY.GDP.MKTP.CD,39973842087.2242,39670976452.5283
Cameroon,CMR,"Life expectancy at birth, total (years)",SP.DYN.LE00.IN,61.18,61.584
Cameroon,CMR,CO2 emissions (metric tons per capita),EN.ATM.CO2E.PC,0.388794447700892,0.370691707164993
Canada,CAN,GDP (current US$),NY.GDP.MKTP.CD,1725329192783.02,1743725183672.52
Canada,CAN,"Life expectancy at birth, total (years)",SP.DYN.LE00.IN,81.8439024390244,82.2287804878049
Canada,CAN,CO2 emissions (metric tons per capita),EN.ATM.CO2E.PC,15.6366541621759,15.0527469447143
Cayman Islands,CYM,GDP (current US$),NY.GDP.MKTP.CD,5530178440.71376,5941896607.58643
Cayman Islands,CYM,"Life expectancy at birth, total (years)",SP.DYN.LE00.IN,..,..
Cayman Islands,CYM,CO2 emissions (metric tons per capita),EN.ATM.CO2E.PC,..,..
Central African Republic,CAF,GDP (current US$),NY.GDP.MKTP.CD,2220979146.11241,2221301351.43918
Central African Republic,CAF,"Life expectancy at birth, total (years)",SP.DYN.LE00.IN,54.369,55.025
Central African Republic,CAF,CO2 emissions (metric tons per capita),EN.ATM.CO2E.PC,0.0449675942827757,0.0451882048419334
Chad,TCD,GDP (current US$),NY.GDP.MKTP.CD,11239167898.3395,11314951091.7283
Chad,TCD,"Life expectancy at birth, total (years)",SP.DYN.LE00.IN,52.825,53.259
Chad,TCD,CO2 emissions (metric tons per capita),EN.ATM.CO2E.PC,0.0998063984014571,0.0981963885605548
Channel Islands,CHI,GDP (current US$),NY.GDP.MKTP.CD,10422948632.4216,10381669645.1366
Channel Islands,CHI,"Life expectancy at birth, total (years)",SP.DYN.LE00.IN,81.375,81.39
Channel Islands,CHI,CO2 emissions (metric tons per capita),EN.ATM.CO2E.PC,..,..
Chile,CHL,GDP (current US$),NY.GDP.MKTP.CD,295857562826.427,278598887622.96
Chile,CHL,"Life expectancy at birth, total (years)",SP.DYN.LE00.IN,80.133,80.326
Chile,CHL,CO2 emissions (metric tons per capita),EN.ATM.CO2E.PC,4.62965705867727,4.82762007480769
China,CHN,GDP (current US$),NY.GDP.MKTP.CD,13894907857925.9,14279968506242.8
China,CHN,"Life expectancy at birth, total (years)",SP.DYN.LE00.IN,77.744,77.968
China,CHN,CO2 emissions (metric tons per capita),EN.ATM.CO2E.PC,7.53319313353674,7.64543578560038
Colombia,COL,GDP (current US$),NY.GDP.MKTP.CD,334198218100.719,323031701210.765
Colombia,COL,"Life expectancy at birth, total (years)",SP.DYN.LE00.IN,76.748,76.752
Colombia,COL,CO2 emissions (metric tons per capita),EN.ATM.CO2E.PC,1.61039151744768,1.57782014077396
Comoros,COM,GDP (current US$),NY.GDP.MKTP.CD,1188797449.96029,1195019531.03664
Comoros,COM,"Life expectancy at birth, total (years)",SP.DYN.LE00.IN,63.912,64.068
Comoros,COM,CO2 emissions (metric tons per capita),EN.ATM.CO2E.PC,0.389920045136433,0.412396679587249
"Congo, Dem. Rep.",COD,GDP (current US$),NY.GDP.MKTP.CD,47568210009.8172,51775829877.2088
"Congo, Dem. Rep.",COD,"Life expectancy at birth, total (years)",SP.DYN.LE00.IN,59.942,60.276
"Congo, Dem. Rep.",COD,CO2 emissions (metric tons per capita),EN.ATM.CO2E.PC,0.0323112350811435,0.0337148799163223
"Congo, Rep.",COG,GDP (current US$),NY.GDP.MKTP.CD,14773806078.1348,13976661497.841
"Congo, Rep.",COG,"Life expectancy at birth, total (years)",SP.DYN.LE00.IN,64.053,62.747
"Congo, Rep.",COG,CO2 emissions (metric tons per capita),EN.ATM.CO2E.PC,1.14258944301682,1.25766214248646
Costa Rica,CRI,GDP (current US$),NY.GDP.MKTP.CD,62420164991.5374,64417670521.1842
Costa Rica,CRI,"Life expectancy at birth, total (years)",SP.DYN.LE00.IN,79.484,79.427
Costa Rica,CRI,CO2 emissions (metric tons per capita),EN.ATM.CO2E.PC,1.62012119663525,1.56482445188662
Cote d'Ivoire,CIV,GDP (current US$),NY.GDP.MKTP.CD,58522477744.5444,59898479821.2323
Cote d'Ivoire,CIV,"Life expectancy at birth, total (years)",SP.DYN.LE00.IN,58.849,59.319
Cote d'Ivoire,CIV,CO2 emissions (metric tons per capita),EN.ATM.CO2E.PC,0.399890358464121,0.414528305155615
Croatia,HRV,GDP (current US$),NY.GDP.MKTP.CD,61481309636.1289,61470295887.8384
Croatia,HRV,"Life expectancy at birth, total (years)",SP.DYN.LE00.IN,78.0707317073171,78.4243902439025
Croatia,HRV,CO2 emissions (metric tons per capita),EN.ATM.CO2E.PC,4.02006632837905,4.06451947763153
Cuba,CUB,GDP (current US$),NY.GDP.MKTP.CD,100050036096.123,103427600000
Cuba,CUB,"Life expectancy at birth, total (years)",SP.DYN.LE00.IN,77.496,77.611
Cuba,CUB,CO2 emissions (metric tons per capita),EN.ATM.CO2E.PC,2.35469857464228,2.15774090266798
Curacao,CUW,GDP (current US$),NY.GDP.MKTP.CD,3046364819.53197,3026124115.73275
Curacao,CUW,"Life expectancy at birth, total (years)",SP.DYN.LE00.IN,..,..
Curacao,CUW,CO2 emissions (metric tons per capita),EN.ATM.CO2E.PC,..,..
Cyprus,CYP,GDP (current US$),NY.GDP.MKTP.CD,25523485042.6265,25947027570.4262
Cyprus,CYP,"Life expectancy at birth, total (years)",SP.DYN.LE00.IN,81.382,81.397
Cyprus,CYP,CO2 emissions (metric tons per capita),EN.ATM.CO2E.PC,5.9061510578579,5.85187933947248
Czechia,CZE,GDP (current US$),NY.GDP.MKTP.CD,249000540729.179,252548179964.897
Czechia,CZE,"Life expectancy at birth, total (years)",SP.DYN.LE00.IN,79.0292682926829,79.2292682926829
Czechia,CZE,CO2 emissions (metric tons per capita),EN.ATM.CO2E.PC,9.66462802005809,9.15611790623386
Denmark,DNK,GDP (current US$),NY.GDP.MKTP.CD,356841216410.068,346498737961.635
Denmark,DNK,"Life expectancy at birth, total (years)",SP.DYN.LE00.IN,80.9536585365854,81.4512195121951
Denmark,DNK,CO2 emissions (metric tons per capita),EN.ATM.CO2E.PC,5.71891295897775,5.10738642637222
Djibouti,DJI,GDP (current US$),NY.GDP.MKTP.CD,2913466732.12507,3088853638.56832
Djibouti,DJI,"Life expectancy at birth, total (years)",SP.DYN.LE00.IN,63.038,63.085
Djibouti,DJI,CO2 emissions (metric tons per capita),EN.ATM.CO2E.PC,0.392452501801933,0.398763866464803
Dominica,DMA,GDP (current US$),NY.GDP.MKTP.CD,554770370.37037,611537037.037037
Dominica,DMA,"Life expectancy at birth, total (years)",SP.DYN.LE00.IN,73.59,73.559
Dominica,DMA,CO2 emissions (metric tons per capita),EN.ATM.CO2E.PC,2.33398754641854,2.43741949935599
Dominican Republic,DOM,GDP (current US$),NY.GDP.MKTP.CD,85555390139.118,88941372558.2397
Dominican Republic,DOM,"Life expectancy at birth, total (years)",SP.DYN.LE00.IN,73.232,73.577
Dominican Republic,DOM,CO2 emissions (metric tons per capita),EN.ATM.CO2E.PC,2.35622376638923,2.36863439614581
Ecuador,ECU,GDP (current US$),NY.GDP.MKTP.CD,107562008000,108108009000
Ecuador,ECU,"Life expectancy at birth, total (years)",SP.DYN.LE00.IN,77.094,77.297
Ecuador,ECU,CO2 emissions (metric tons per capita),EN.ATM.CO2E.PC,2.36682982605683,2.28505501120289
"Egypt, Arab Rep.",EGY,GDP (current US$),NY.GDP.MKTP.CD,262588632526.73,318678815489.749
"Egypt, Arab Rep.",EGY,"Life expectancy at birth, total (years)",SP.DYN.LE00.IN,71.367,71.358
"Egypt, Arab Rep.",EGY,CO2 emissions (metric tons per capita),EN.ATM.CO2E.PC,2.29401624327717,2.06316078338081
El Salvador,SLV,GDP (current US$),NY.GDP.MKTP.CD,26020850000,26881140000
El Salvador,SLV,"Life expectancy at birth, total (years)",SP.DYN.LE00.IN,72.555,72.559
El Salvador,SLV,CO2 emissions (metric tons per capita),EN.ATM.CO2E.PC,1.09058747913992,1.25994054027114
Equatorial Guinea,GNQ,GDP (current US$),NY.GDP.MKTP.CD,13097012124.2267,11364133546.2488
Equatorial Guinea,GNQ,"Life expectancy at birth, total (years)",SP.DYN.LE00.IN,61.191,61.644
Equatorial Guinea,GNQ,CO2 emissions (metric tons per capita),EN.ATM.CO2E.PC,3.37429623105391,3.13998883473672
Eritrea,ERI,GDP (current US$),NY.GDP.MKTP.CD,..,..
Eritrea,ERI,"Life expectancy at birth, total (years)",SP.DYN.LE00.IN,67.067,67.3
Eritrea,ERI,CO2 emissions (metric tons per capita),EN.ATM.CO2E.PC,0.196698529680667,0.199267295412336
Estonia,EST,GDP (current US$),NY.GDP.MKTP.CD,30624720196.229,31081901909.2156
Estonia,EST,"Life expectancy at birth, total (years)",SP.DYN.LE00.IN,78.2439024390244,78.6463414634147
Estonia,EST,CO2 emissions (metric tons per capita),EN.ATM.CO2E.PC,11.8889360404909,7.58212010267556
Eswatini,SWZ,GDP (current US$),NY.GDP.MKTP.CD,4666598024.18411,4466214591.14854
Eswatini,SWZ,"Life expectancy at birth, total (years)",SP.DYN.LE00.IN,59.411,60.549
Eswatini,SWZ,CO2 emissions (metric tons per capita),EN.ATM.CO2E.PC,0.952924265874315,0.999903386846761
Ethiopia,ETH,GDP (current US$),NY.GDP.MKTP.CD,84269196625.8784,95912607722.3032
Ethiopia,ETH,"Life expectancy at birth, total (years)",SP.DYN.LE00.IN,65.412,65.838
Ethiopia,ETH,CO2 emissions (metric tons per capita),EN.ATM.CO2E.PC,0.153230325883588,0.155169188831947
Faroe Islands,FRO,GDP (current US$),NY.GDP.MKTP.CD,3188600927.46688,3266432734.22819
Faroe Islands,FRO,"Life expectancy at birth, total (years)",SP.DYN.LE00.IN,82.5951219512195,82.9463414634147
Faroe Islands,FRO,CO2 emissions (metric tons per capita),EN.ATM.CO2E.PC,..,..
Fiji,FJI,GDP (current US$),NY.GDP.MKTP.CD,5581425324.91185,5444407214.31758
Fiji,FJI,"Life expectancy at birth, total (years)",SP.DYN.LE00.IN,67.81,67.893
Fiji,FJI,CO2 emissions (metric tons per capita),EN.ATM.CO2E.PC,1.50947338182103,1.51720533716581
Finland,FIN,GDP (current US$),NY.GDP.MKTP.CD,275708001767.843,268514916972.549
Finland,FIN,"Life expectancy at birth, total (years)",SP.DYN.LE00.IN,81.7341463414634,81.9829268292683
Finland,FIN,CO2 emissions (metric tons per capita),EN.ATM.CO2E.PC,8.04918842721228,7.42303960115952
France,FRA,GDP (current US$),NY.GDP.MKTP.CD,2790956878746.66,2728870246705.88
France,FRA,"Life expectancy at birth, total (years)",SP.DYN.LE00.IN,82.6756097560976,82.8268292682927
France,FRA,CO2 emissions (metric tons per capita),EN.ATM.CO2E.PC,4.57051742845134,4.46016494835631
French Polynesia,PYF,GDP (current US$),NY.GDP.MKTP.CD,6135116253.33452,6022276196.13871
French Polynesia,PYF,"Life expectancy at birth, total (years)",SP.DYN.LE00.IN,82.783,82.996
French Polynesia,PYF,CO2 emissions (metric tons per capita),EN.ATM.CO2E.PC,..,..
Gabon,GAB,GDP (current US$),NY.GDP.MKTP.CD,16867326401.9626,16874405465.391
Gabon,GAB,"Life expectancy at birth, total (years)",SP.DYN.LE00.IN,66.306,66.603
Gabon,GAB,CO2 emissions (metric tons per capita),EN.ATM.CO2E.PC,2.33593611713804,2.35176354398661
"Gambia, The",GMB,GDP (current US$),NY.GDP.MKTP.CD,1670671327.81651,1813609692.49994
"Gambia, The",GMB,"Life expectancy at birth, total (years)",SP.DYN.LE00.IN,63.04,63.755
"Gambia, The",GMB,CO2 emissions (metric tons per capita),EN.ATM.CO2E.PC,0.244507377758581,0.241900479217245
Georgia,GEO,GDP (current US$),NY.GDP.MKTP.CD,17596922469.9152,17470436258.5131
Georgia,GEO,"Life expectancy at birth, total (years)",SP.DYN.LE00.IN,73.341,73.47
Georgia,GEO,CO2 emissions (metric tons per capita),EN.ATM.CO2E.PC,2.60970672866505,2.83579124666916
Germany,DEU,GDP (current US$),NY.GDP.MKTP.CD,3974443355019.6,3889177589254.9
Germany,DEU,"Life expectancy at birth, total (years)",SP.DYN.LE00.IN,80.8926829268293,81.2926829268293
Germany,DEU,CO2 emissions (metric tons per capita),EN.ATM.CO2E.PC,8.53704268780674,7.9271876239049
Ghana,GHA,GDP (current US$),NY.GDP.MKTP.CD,67298913752.0241,68337974418.3315
Ghana,GHA,"Life expectancy at birth, total (years)",SP.DYN.LE00.IN,64.122,64.74
Ghana,GHA,CO2 emissions (metric tons per capita),EN.ATM.CO2E.PC,0.543393316646713,0.572264895729339
Gibraltar,GIB,GDP (current US$),NY.GDP.MKTP.CD,..,..
Gibraltar,GIB,"Life expectancy at birth, total (years)",SP.DYN.LE00.IN,82.154,82.363
Gibraltar,GIB,CO2 emissions (metric tons per capita),EN.ATM.CO2E.PC,..,..
Greece,GRC,GDP (current US$),NY.GDP.MKTP.CD,212049447242.111,205252760889.364
Greece,GRC,"Life expectancy at birth, total (years)",SP.DYN.LE00.IN,81.7878048780488,81.6390243902439
Greece,GRC,CO2 emissions (metric tons per capita),EN.ATM.CO2E.PC,6.05813051890443,5.59528435262632
Greenland,GRL,GDP (current US$),NY.GDP.MKTP.CD,3055782146.15957,2997309971.87623
Greenland,GRL,"Life expectancy at birth, total (years)",SP.DYN.LE00.IN,71.8865853658537,72.0436585365854
Greenland,GRL,CO2 emissions (metric tons per capita),EN.ATM.CO2E.PC,..,..
Grenada,GRD,GDP (current US$),NY.GDP.MKTP.CD,1166514814.81481,1213485185.18519
Grenada,GRD,"Life expectancy at birth, total (years)",SP.DYN.LE00.IN,74.808,74.863
Grenada,GRD,CO2 emissions (metric tons per capita),EN.ATM.CO2E.PC,2.62890067138331,2.82096411459861
Guam,GUM,GDP (current US$),NY.GDP.MKTP.CD,6056000000,6366000000
Guam,GUM,"Life expectancy at birth, total (years)",SP.DYN.LE00.IN,77.439,77.717
Guam,GUM,CO2 emissions (metric tons per capita),EN.ATM.CO2E.PC,..,..
Guatemala,GTM,GDP (current US$),NY.GDP.MKTP.CD,73328365862.4329,77172317258.6478
Guatemala,GTM,"Life expectancy at birth, total (years)",SP.DYN.LE00.IN,72.726,73.129
Guatemala,GTM,CO2 emissions (metric tons per capita),EN.ATM.CO2E.PC,1.10575367270347,1.14537281500282
Guinea,GIN,GDP (current US$),NY.GDP.MKTP.CD,11857030367.2441,13442861496.4128
Guinea,GIN,"Life expectancy at birth, total (years)",SP.DYN.LE00.IN,59.349,59.72
Guinea,GIN,CO2 emissions (metric tons per capita),EN.ATM.CO2E.PC,0.297494261984837,0.350765779082478
Guinea-Bissau,GNB,GDP (current US$),NY.GDP.MKTP.CD,1504630233.68158,1439638410.99683
Guinea-Bissau,GNB,"Life expectancy at birth, total (years)",SP.DYN.LE00.IN,60.502,60.882
Guinea-Bissau,GNB,CO2 emissions (metric tons per capita),EN.ATM.CO2E.PC,0.165094768449133,0.16508860634868
Guyana,GUY,GDP (current US$),NY.GDP.MKTP.CD,4787637005.53562,5173760191.84652
Guyana,GUY,"Life expectancy at birth, total (years)",SP.DYN.LE00.IN,68.896,69.124
Guyana,GUY,CO2 emissions (metric tons per capita),EN.ATM.CO2E.PC,3.29351227349226,3.50033114116629
Haiti,HTI,GDP (current US$),NY.GDP.MKTP.CD,16403864522.0538,15016090929.5125
Haiti,HTI,"Life expectancy at birth, total (years)",SP.DYN.LE00.IN,64.019,64.255
Haiti,HTI,CO2 emissions (metric tons per capita),EN.ATM.CO2E.PC,0.298729952296593,0.297241022260954
Honduras,HND,GDP (current US$),NY.GDP.MKTP.CD,24067750760.499,25089937021.5418
Honduras,HND,"Life expectancy at birth, total (years)",SP.DYN.LE00.IN,72.814,72.881
Honduras,HND,CO2 emissions (metric tons per capita),EN.ATM.CO2E.PC,0.922234078945353,1.02385531471622
"Hong Kong SAR, China",HKG,GDP (current US$),NY.GDP.MKTP.CD,361731070995.726,363074545072.389
"Hong Kong SAR, China",HKG,"Life expectancy at birth, total (years)",SP.DYN.LE00.IN,84.9341463414634,85.1804878048781
"Hong Kong SAR, China",HKG,CO2 emissions (metric tons per capita),EN.ATM.CO2E.PC,..,..
Hungary,HUN,GDP (current US$),NY.GDP.MKTP.CD,160565642983.587,164020460331.659
Hungary,HUN,"Life expectancy at birth, total (years)",SP.DYN.LE00.IN,76.0658536585366,76.3195121951219
Hungary,HUN,CO2 emissions (metric tons per capita),EN.ATM.CO2E.PC,5.03325434726835,4.8368762665486
Iceland,ISL,GDP (current US$),NY.GDP.MKTP.CD,26260850582.0687,24681343649.2952
Iceland,ISL,"Life expectancy at birth, total (years)",SP.DYN.LE00.IN,82.8609756097561,83.1634146341463
Iceland,ISL,CO2 emissions (metric tons per capita),EN.ATM.CO2E.PC,4.81768876817655,4.54345010442003
India,IND,GDP (current US$),NY.GDP.MKTP.CD,2702929641707.38,2835606256616.03
India,IND,"Life expectancy at birth, total (years)",SP.DYN.LE00.IN,70.71,70.91
India,IND,CO2 emissions (metric tons per capita),EN.ATM.CO2E.PC,1.79559529858433,1.75253436625037
Indonesia,IDN,GDP (current US$),NY.GDP.MKTP.CD,1042271532988.63,1119099871350.2
Indonesia,IDN,"Life expectancy at birth, total (years)",SP.DYN.LE00.IN,70.338,70.518
Indonesia,IDN,CO2 emissions (metric tons per capita),EN.ATM.CO2E.PC,2.12683683837158,2.24528577070833
"Iran, Islamic Rep.",IRN,GDP (current US$),NY.GDP.MKTP.CD,329691934144.504,283649531542.631
"Iran, Islamic Rep.",IRN,"Life expectancy at birth, total (years)",SP.DYN.LE00.IN,76.195,76.103
"Iran, Islamic Rep.",IRN,CO2 emissions (metric tons per capita),EN.ATM.CO2E.PC,7.44512790495015,7.22298000274987
Iraq,IRQ,GDP (current US$),NY.GDP.MKTP.CD,227367469034.031,233636097800.338
Iraq,IRQ,"Life expectancy at birth, total (years)",SP.DYN.LE00.IN,71.514,71.576
Iraq,IRQ,CO2 emissions (metric tons per capita),EN.ATM.CO2E.PC,4.14268046621517,4.34726413932218
Ireland,IRL,GDP (current US$),NY.GDP.MKTP.CD,386693357874.056,398933010007.356
Ireland,IRL,"Life expectancy at birth, total (years)",SP.DYN.LE00.IN,82.2048780487805,82.7024390243903
Ireland,IRL,CO2 emissions (metric tons per capita),EN.ATM.CO2E.PC,7.69902755440575,7.25774875667262
Isle of Man,IMN,GDP (current US$),NY.GDP.MKTP.CD,7491654051.07858,7314966839.12782
Isle of Man,IMN,"Life expectancy at birth, total (years)",SP.DYN.LE00.IN,80.596,80.737
Isle of Man,IMN,CO2 emissions (metric tons per capita),EN.ATM.CO2E.PC,..,..
Israel,ISR,GDP (current US$),NY.GDP.MKTP.CD,376691526553.276,402470513619.148
Israel,ISR,"Life expectancy at birth, total (years)",SP.DYN.LE00.IN,82.8024390243903,82.8048780487805
Israel,ISR,CO2 emissions (metric tons per capita),EN.ATM.CO2E.PC,6.91499302021885,6.9357521537442
Italy,ITA,GDP (current US$),NY.GDP.MKTP.CD,2091932426266.98,2011302198827.45
Italy,ITA,"Life expectancy at birth, total (years)",SP.DYN.LE00.IN,83.3463414634146,83.4975609756098
Italy,ITA,CO2 emissions (metric tons per capita),EN.ATM.CO2E.PC,5.37694036055885,5.31103098673157
Jamaica,JAM,GDP (current US$),NY.GDP.MKTP.CD,15730792835.5811,15830766570.7266
Jamaica,JAM,"Life expectancy at birth, total (years)",SP.DYN.LE00.IN,71.793,71.767
Jamaica,JAM,CO2 emissions (metric tons per capita),EN.ATM.CO2E.PC,3.05458890724385,2.98328969678791
Japan,JPN,GDP (current US$),NY.GDP.MKTP.CD,5040880939324.86,5117993853016.51
Japan,JPN,"Life expectancy at birth, total (years)",SP.DYN.LE00.IN,84.2109756097561,84.3563414634146
Japan,JPN,CO2 emissions (metric tons per capita),EN.ATM.CO2E.PC,8.76197885041518,8.47840057488964
Jordan,JOR,GDP (current US$),NY.GDP.MKTP.CD,43370860704.2254,44502816901.4085
Jordan,JOR,"Life expectancy at birth, total (years)",SP.DYN.LE00.IN,75.774,76.044
Jordan,JOR,CO2 emissions (metric tons per capita),EN.ATM.CO2E.PC,2.36236318537572,2.16362144761182
Kazakhstan,KAZ,GDP (current US$),NY.GDP.MKTP.CD,179339977690.485,181667184854.501
Kazakhstan,KAZ,"Life expectancy at birth, total (years)",SP.DYN.LE00.IN,73.15,73.18
Kazakhstan,KAZ,CO2 emissions (metric tons per capita),EN.ATM.CO2E.PC,11.8675495659661,11.0508703486337
Kenya,KEN,GDP (current US$),NY.GDP.MKTP.CD,92202979985.2863,100378436207.371
Kenya,KEN,"Life expectancy at birth, total (years)",SP.DYN.LE00.IN,62.676,62.943
Kenya,KEN,CO2 emissions (metric tons per capita),EN.ATM.CO2E.PC,0.385437968227287,0.382362032876395
Kiribati,KIR,GDP (current US$),NY.GDP.MKTP.CD,196501525.688652,175181629.286475
Kiribati,KIR,"Life expectancy at birth, total (years)",SP.DYN.LE00.IN,66.855,67.15
Kiribati,KIR,CO2 emissions (metric tons per capita),EN.ATM.CO2E.PC,0.598719133656685,0.592397034795277
"Korea, Dem. People's Rep.",PRK,GDP (current US$),NY.GDP.MKTP.CD,..,..
"Korea, Dem. People's Rep.",PRK,"Life expectancy at birth, total (years)",SP.DYN.LE00.IN,73.031,73.198
"Korea, Dem. People's Rep.",PRK,CO2 emissions (metric tons per capita),EN.ATM.CO2E.PC,1.95495002388823,2.15676369121383
"Korea, Rep.",KOR,GDP (current US$),NY.GDP.MKTP.CD,1725373496825.43,1651422932447.77
"Korea, Rep.",KOR,"Life expectancy at birth, total (years)",SP.DYN.LE00.IN,82.6268292682927,83.2268292682927
"Korea, Rep.",KOR,CO2 emissions (metric tons per capita),EN.ATM.CO2E.PC,12.2164561683734,11.8252835873752
Kosovo,XKX,GDP (current US$),NY.GDP.MKTP.CD,7878759714.82322,7899737577.47286
Kosovo,XKX,"Life expectancy at birth, total (years)",SP.DYN.LE00.IN,78.696,79.022
Kosovo,XKX,CO2 emissions (metric tons per capita),EN.ATM.CO2E.PC,..,..
Kuwait,KWT,GDP (current US$),NY.GDP.MKTP.CD,138202535799.918,136191825724.364
Kuwait,KWT,"Life expectancy at birth, total (years)",SP.DYN.LE00.IN,79.722,79.685
Kuwait,KWT,CO2 emissions (metric tons per capita),EN.ATM.CO2E.PC,21.4612299449757,21.1352142487222
Kyrgyz Republic,KGZ,GDP (current US$),NY.GDP.MKTP.CD,8271106235.41552,9371275264.36735
Kyrgyz Republic,KGZ,"Life expectancy at birth, total (years)",SP.DYN.LE00.IN,71.4,71.6
Kyrgyz Republic,KGZ,CO2 emissions (metric tons per capita),EN.ATM.CO2E.PC,1.78825836654647,1.55159381679626
Lao PDR,LAO,GDP (current US$),NY.GDP.MKTP.CD,18141651381.3884,18740559554.1632
Lao PDR,LAO,"Life expectancy at birth, total (years)",SP.DYN.LE00.IN,67.634,68.138
Lao PDR,LAO,CO2 emissions (metric tons per capita),EN.ATM.CO2E.PC,2.76759794432264,2.65817514097581
Latvia,LVA,GDP (current US$),NY.GDP.MKTP.CD,34429023435.0211,34225547537.0745
Latvia,LVA,"Life expectancy at birth, total (years)",SP.DYN.LE00.IN,74.7829268292683,75.3878048780488
Latvia,LVA,CO2 emissions (metric tons per capita),EN.ATM.CO2E.PC,4.03969750525899,3.95496550880907
Lebanon,LBN,GDP (current US$),NY.GDP.MKTP.CD,54901519155.5556,51605959131.2741
Lebanon,LBN,"Life expectancy at birth, total (years)",SP.DYN.LE00.IN,79.729,79.236
Lebanon,LBN,CO2 emissions (metric tons per capita),EN.ATM.CO2E.PC,4.60461121532611,4.65529798386588
Lesotho,LSO,GDP (current US$),NY.GDP.MKTP.CD,2556247291.99785,2361966946.29803
Lesotho,LSO,"Life expectancy at birth, total (years)",SP.DYN.LE00.IN,53.733,54.173
Lesotho,LSO,CO2 emissions (metric tons per capita),EN.ATM.CO2E.PC,1.03575177080068,1.03342675704115
Liberia,LBR,GDP (current US$),NY.GDP.MKTP.CD,3422754800,3319596500
Liberia,LBR,"Life expectancy at birth, total (years)",SP.DYN.LE00.IN,60.853,61.104
Liberia,LBR,CO2 emissions (metric tons per capita),EN.ATM.CO2E.PC,0.230417244192579,0.229916460209228
Libya,LBY,GDP (current US$),NY.GDP.MKTP.CD,76686048497.4801,69254143966.8182
Libya,LBY,"Life expectancy at birth, total (years)",SP.DYN.LE00.IN,72.794,72.463
Libya,LBY,CO2 emissions (metric tons per capita),EN.ATM.CO2E.PC,8.35162531436247,8.32576759513649
Liechtenstein,LIE,GDP (current US$),NY.GDP.MKTP.CD,6692620691.84146,6436467007.11932
Liechtenstein,LIE,"Life expectancy at birth, total (years)",SP.DYN.LE00.IN,83.0414634146342,84.1609756097561
Liechtenstein,LIE,CO2 emissions (metric tons per capita),EN.ATM.CO2E.PC,3.74401935517666,3.8726083883374
Lithuania,LTU,GDP (current US$),NY.GDP.MKTP.CD,53751411409.4447,54808531641.4117
Lithuania,LTU,"Life expectancy at birth, total (years)",SP.DYN.LE00.IN,75.6804878048781,76.2829268292683
Lithuania,LTU,CO2 emissions (metric tons per capita),EN.ATM.CO2E.PC,4.15931506316341,4.20015196105273
Luxembourg,LUX,GDP (current US$),NY.GDP.MKTP.CD,71000359760.4611,69890505323.5842
Luxembourg,LUX,"Life expectancy at birth, total (years)",SP.DYN.LE00.IN,82.2951219512195,82.6390243902439
Luxembourg,LUX,CO2 emissions (metric tons per capita),EN.ATM.CO2E.PC,15.331523974011,15.3230398015487
"Macao SAR, China",MAC,GDP (current US$),NY.GDP.MKTP.CD,55190661339.7796,55082293844.1008
"Macao SAR, China",MAC,"Life expectancy at birth, total (years)",SP.DYN.LE00.IN,84.928,84.978
"Macao SAR, China",MAC,CO2 emissions (metric tons per capita),EN.ATM.CO2E.PC,..,..
Madagascar,MDG,GDP (current US$),NY.GDP.MKTP.CD,13760033282.2925,14104664678.5063
Madagascar,MDG,"Life expectancy at birth, total (years)",SP.DYN.LE00.IN,65.27,65.882
Madagascar,MDG,CO2 emissions (metric tons per capita),EN.ATM.CO2E.PC,0.123102264831808,0.142653575143316
Malawi,MWI,GDP (current US$),NY.GDP.MKTP.CD,9880675785.93057,11025371147.1876
Malawi,MWI,"Life expectancy at birth, total (years)",SP.DYN.LE00.IN,63.276,64.119
Malawi,MWI,CO2 emissions (metric tons per capita),EN.ATM.CO2E.PC,0.087620331640832,0.0871188127927116
Malaysia,MYS,GDP (current US$),NY.GDP.MKTP.CD,358788845712.53,365177721021.516
Malaysia,MYS,"Life expectancy at birth, total (years)",SP.DYN.LE00.IN,75.644,75.76
Malaysia,MYS,CO2 emissions (metric tons per capita),EN.ATM.CO2E.PC,7.4523713820598,7.46499971649816
Maldives,MDV,GDP (current US$),NY.GDP.MKTP.CD,5404344159.49959,5726094797.67486
Maldives,MDV,"Life expectancy at birth, total (years)",SP.DYN.LE00.IN,80.013,80.116
Maldives,MDV,CO2 emissions (metric tons per capita),EN.ATM.CO2E.PC,3.62648491704066,3.96326718307737
Mali,MLI,GDP (current US$),NY.GDP.MKTP.CD,17070867589.9055,17280250810.0321
Mali,MLI,"Life expectancy at birth, total (years)",SP.DYN.LE00.IN,59.393,59.664
Mali,MLI,CO2 emissions (metric tons per capita),EN.ATM.CO2E.PC,0.194032415889438,0.191438655613848
Malta,MLT,GDP (current US$),NY.GDP.MKTP.CD,15404393365.2073,15992378640.0553
Malta,MLT,"Life expectancy at birth, total (years)",SP.DYN.LE00.IN,82.4487804878049,82.8585365853659
Malta,MLT,CO2 emissions (metric tons per capita),EN.ATM.CO2E.PC,3.20347481583889,3.29046823605033
Marshall Islands,MHL,GDP (current US$),NY.GDP.MKTP.CD,219430038.452148,231996704.101563
Marshall Islands,MHL,"Life expectancy at birth, total (years)",SP.DYN.LE00.IN,64.5,64.746
Marshall Islands,MHL,CO2 emissions (metric tons per capita),EN.ATM.CO2E.PC,3.28556828806889,3.40502593453765
Mauritania,MRT,GDP (current US$),NY.GDP.MKTP.CD,7473550557.07378,7894764885.82312
Mauritania,MRT,"Life expectancy at birth, total (years)",SP.DYN.LE00.IN,65.31,65.687
Mauritania,MRT,CO2 emissions (metric tons per capita),EN.ATM.CO2E.PC,0.870135939862018,0.872475306517173
Mauritius,MUS,GDP (current US$),NY.GDP.MKTP.CD,14735695930.9727,14436346979.6355
Mauritius,MUS,"Life expectancy at birth, total (years)",SP.DYN.LE00.IN,74.4163414634146,74.2358536585366
Mauritius,MUS,CO2 emissions (metric tons per capita),EN.ATM.CO2E.PC,3.26641523984712,3.296800515014
Mexico,MEX,GDP (current US$),NY.GDP.MKTP.CD,1256300182983.65,1305212479961.59
Mexico,MEX,"Life expectancy at birth, total (years)",SP.DYN.LE00.IN,74.015,74.202
Mexico,MEX,CO2 emissions (metric tons per capita),EN.ATM.CO2E.PC,3.58748930492536,3.6121651406375
"Micronesia, Fed. Sts.",FSM,GDP (current US$),NY.GDP.MKTP.CD,401932300,416000000
"Micronesia, Fed. Sts.",FSM,"Life expectancy at birth, total (years)",SP.DYN.LE00.IN,71.318,71.077
"Micronesia, Fed. Sts.",FSM,CO2 emissions (metric tons per capita),EN.ATM.CO2E.PC,1.33238377701052,1.33059194282585
Moldova,MDA,GDP (current US$),NY.GDP.MKTP.CD,11253727815.4762,11735774634.4239
Moldova,MDA,"Life expectancy at birth, total (years)",SP.DYN.LE00.IN,70.492,70.935
Moldova,MDA,CO2 emissions (metric tons per capita),EN.ATM.CO2E.PC,3.16042055213444,3.34866737931946
Monaco,MCO,GDP (current US$),NY.GDP.MKTP.CD,7182444409.54069,7383944044.17
Monaco,MCO,"Life expectancy at birth, total (years)",SP.DYN.LE00.IN,..,..
Monaco,MCO,CO2 emissions (metric tons per capita),EN.ATM.CO2E.PC,..,..
Mongolia,MNG,GDP (current US$),NY.GDP.MKTP.CD,13178094720.4986,14206359017.5143
Mongolia,MNG,"Life expectancy at birth, total (years)",SP.DYN.LE00.IN,71.199,71.822
Mongolia,MNG,CO2 emissions (metric tons per capita),EN.ATM.CO2E.PC,6.80965906666612,7.16083565614723
Montenegro,MNE,GDP (current US$),NY.GDP.MKTP.CD,5506942238.35668,5542054181.12616
Montenegro,MNE,"Life expectancy at birth, total (years)",SP.DYN.LE00.IN,76.8414634146342,76.6829268292683
Montenegro,MNE,CO2 emissions (metric tons per capita),EN.ATM.CO2E.PC,4.01830843084598,4.18164455619361
Morocco,MAR,GDP (current US$),NY.GDP.MKTP.CD,127341147581.818,128920266409.458
Morocco,MAR,"Life expectancy at birth, total (years)",SP.DYN.LE00.IN,73.986,74.27
Morocco,MAR,CO2 emissions (metric tons per capita),EN.ATM.CO2E.PC,1.78932796096006,1.95530801659126
Mozambique,MOZ,GDP (current US$),NY.GDP.MKTP.CD,15017358750.6113,15512759174.573
Mozambique,MOZ,"Life expectancy at birth, total (years)",SP.DYN.LE00.IN,60.526,61.166
Mozambique,MOZ,CO2 emissions (metric tons per capita),EN.ATM.CO2E.PC,0.233657167828116,0.248639658557146
Myanmar,MMR,GDP (current US$),NY.GDP.MKTP.CD,67855845007.3168,75072038085.8542
Myanmar,MMR,"Life expectancy at birth, total (years)",SP.DYN.LE00.IN,66.465,66.61
Myanmar,MMR,CO2 emissions (metric tons per capita),EN.ATM.CO2E.PC,0.622498220579214,0.640928810767197
Namibia,NAM,GDP (current US$),NY.GDP.MKTP.CD,13682018827.0434,12541928102.7657
Namibia,NAM,"Life expectancy at birth, total (years)",SP.DYN.LE00.IN,62.586,63.075
Namibia,NAM,CO2 emissions (metric tons per capita),EN.ATM.CO2E.PC,1.77883176482325,1.76417165717612
Nauru,NRU,GDP (current US$),NY.GDP.MKTP.CD,130995566.30391,125160115.547819
Nauru,NRU,"Life expectancy at birth, total (years)",SP.DYN.LE00.IN,63.234,63.484
Nauru,NRU,CO2 emissions (metric tons per capita),EN.ATM.CO2E.PC,4.52868165045287,4.40158259149357
Nepal,NPL,GDP (current US$),NY.GDP.MKTP.CD,33111525183.2178,34186180695.9969
Nepal,NPL,"Life expectancy at birth, total (years)",SP.DYN.LE00.IN,68.979,69.558
Nepal,NPL,CO2 emissions (metric tons per capita),EN.ATM.CO2E.PC,0.531081943087649,0.480724943133609
Netherlands,NLD,GDP (current US$),NY.GDP.MKTP.CD,914043438179.607,910194347568.626
Netherlands,NLD,"Life expectancy at birth, total (years)",SP.DYN.LE00.IN,81.8121951219512,82.1121951219512
Netherlands,NLD,CO2 emissions (metric tons per capita),EN.ATM.CO2E.PC,8.78514410481566,8.41396927991521
New Caledonia,NCL,GDP (current US$),NY.GDP.MKTP.CD,9896402283.68587,9475655324.59495
New Caledonia,NCL,"Life expectancy at birth, total (years)",SP.DYN.LE00.IN,80.0030975609756,80.4197073170732
New Caledonia,NCL,CO2 emissions (metric tons per capita),EN.ATM.CO2E.PC,..,..
New Zealand,NZL,GDP (current US$),NY.GDP.MKTP.CD,211886686924.483,213091987153.092
New Zealand,NZL,"Life expectancy at birth, total (years)",SP.DYN.LE00.IN,81.7073170731707,82.0560975609756
New Zealand,NZL,CO2 emissions (metric tons per capita),EN.ATM.CO2E.PC,6.61327184426397,6.83005302056555
Nicaragua,NIC,GDP (current US$),NY.GDP.MKTP.CD,13025234958.647,12699028991.3771
Nicaragua,NIC,"Life expectancy at birth, total (years)",SP.DYN.LE00.IN,73.85,74.054
Nicaragua,NIC,CO2 emissions (metric tons per capita),EN.ATM.CO2E.PC,0.764549887382264,0.770101819888702
Niger,NER,GDP (current US$),NY.GDP.MKTP.CD,12837307496.8797,12889555561.304
Niger,NER,"Life expectancy at birth, total (years)",SP.DYN.LE00.IN,62.454,62.897
Niger,NER,CO2 emissions (metric tons per capita),EN.ATM.CO2E.PC,0.0866494651340312,0.092100576055693
Nigeria,NGA,GDP (current US$),NY.GDP.MKTP.CD,421739251509.08,474517491092.913
Nigeria,NGA,"Life expectancy at birth, total (years)",SP.DYN.LE00.IN,52.554,52.91
Nigeria,NGA,CO2 emissions (metric tons per capita),EN.ATM.CO2E.PC,0.572783212388204,0.588005207479626
North Macedonia,MKD,GDP (current US$),NY.GDP.MKTP.CD,12683068114.2388,12606338448.547
North Macedonia,MKD,"Life expectancy at birth, total (years)",SP.DYN.LE00.IN,76.6487804878049,76.6024390243903
North Macedonia,MKD,CO2 emissions (metric tons per capita),EN.ATM.CO2E.PC,3.34772328711305,3.83113737507789
Northern Mariana Islands,MNP,GDP (current US$),NY.GDP.MKTP.CD,1301000000,1181000000
Northern Mariana Islands,MNP,"Life expectancy at birth, total (years)",SP.DYN.LE00.IN,..,..
Northern Mariana Islands,MNP,CO2 emissions (metric tons per capita),EN.ATM.CO2E.PC,..,..
Norway,NOR,GDP (current US$),NY.GDP.MKTP.CD,439788625883.8,408742840909.091
Norway,NOR,"Life expectancy at birth, total (years)",SP.DYN.LE00.IN,82.7585365853659,82.9585365853659
Norway,NOR,CO2 emissions (metric tons per capita),EN.ATM.CO2E.PC,7.26131587924207,7.04232094266605
Oman,OMN,GDP (current US$),NY.GDP.MKTP.CD,91505851755.5267,88060858257.4772
Oman,OMN,"Life expectancy at birth, total (years)",SP.DYN.LE00.IN,77.966,78.002
Oman,OMN,CO2 emissions (metric tons per capita),EN.ATM.CO2E.PC,16.3795758327742,16.4563584347506
Pakistan,PAK,GDP (current US$),NY.GDP.MKTP.CD,356128166704.921,320909472770.669
Pakistan,PAK,"Life expectancy at birth, total (years)",SP.DYN.LE00.IN,66.482,66.756
Pakistan,PAK,CO2 emissions (metric tons per capita),EN.ATM.CO2E.PC,0.850427079681196,0.824459652346009
Palau,PLW,GDP (current US$),NY.GDP.MKTP.CD,288546281.25,281970375
Palau,PLW,"Life expectancy at birth, total (years)",SP.DYN.LE00.IN,..,..
Palau,PLW,CO2 emissions (metric tons per capita),EN.ATM.CO2E.PC,11.8618450515002,12.1344050011163
Panama,PAN,GDP (current US$),NY.GDP.MKTP.CD,67294169200,69721787500
Panama,PAN,"Life expectancy at birth, total (years)",SP.DYN.LE00.IN,77.863,77.81
Panama,PAN,CO2 emissions (metric tons per capita),EN.ATM.CO2E.PC,2.38131879080632,3.09505043316861
Papua New Guinea,PNG,GDP (current US$),NY.GDP.MKTP.CD,24109780708.0268,24751066910.5409
Papua New Guinea,PNG,"Life expectancy at birth, total (years)",SP.DYN.LE00.IN,65.182,65.474
Papua New Guinea,PNG,CO2 emissions (metric tons per capita),EN.ATM.CO2E.PC,0.762549780383734,0.782552890305524
Paraguay,PRY,GDP (current US$),NY.GDP.MKTP.CD,40225448340.6322,37925338329.1494
Paraguay,PRY,"Life expectancy at birth, total (years)",SP.DYN.LE00.IN,73.568,73.621
Paraguay,PRY,CO2 emissions (metric tons per capita),EN.ATM.CO2E.PC,1.29748167406657,1.24066887329392
Peru,PER,GDP (current US$),NY.GDP.MKTP.CD,222597009739.235,228325821196.153
Peru,PER,"Life expectancy at birth, total (years)",SP.DYN.LE00.IN,76.009,76.156
Peru,PER,CO2 emissions (metric tons per capita),EN.ATM.CO2E.PC,1.69513088210562,1.73564177469023
Philippines,PHL,GDP (current US$),NY.GDP.MKTP.CD,346841896583.515,376823402244.928
Philippines,PHL,"Life expectancy at birth, total (years)",SP.DYN.LE00.IN,71.689,71.865
Philippines,PHL,CO2 emissions (metric tons per capita),EN.ATM.CO2E.PC,1.28139072984074,1.32152779028498
Poland,POL,GDP (current US$),NY.GDP.MKTP.CD,588779850758.053,596058473058.766
Poland,POL,"Life expectancy at birth, total (years)",SP.DYN.LE00.IN,77.6024390243903,77.9048780487805
Poland,POL,CO2 emissions (metric tons per capita),EN.ATM.CO2E.PC,8.20953133332017,7.76885578278686
Portugal,PRT,GDP (current US$),NY.GDP.MKTP.CD,242313116577.967,239986922638.902
Portugal,PRT,"Life expectancy at birth, total (years)",SP.DYN.LE00.IN,81.3243902439024,81.6756097560976
Portugal,PRT,CO2 emissions (metric tons per capita),EN.ATM.CO2E.PC,4.8096126128982,4.33244804259817
Puerto Rico,PRI,GDP (current US$),NY.GDP.MKTP.CD,100958100000,105126400000
Puerto Rico,PRI,"Life expectancy at birth, total (years)",SP.DYN.LE00.IN,79.77,79.063
Puerto Rico,PRI,CO2 emissions (metric tons per capita),EN.ATM.CO2E.PC,..,..
Qatar,QAT,GDP (current US$),NY.GDP.MKTP.CD,183334953818.681,176371267689.082
Qatar,QAT,"Life expectancy at birth, total (years)",SP.DYN.LE00.IN,80.898,80.99
Qatar,QAT,CO2 emissions (metric tons per capita),EN.ATM.CO2E.PC,31.4809674373955,31.8772030129291
Romania,ROU,GDP (current US$),NY.GDP.MKTP.CD,243316029944.056,251017797625.017
Romania,ROU,"Life expectancy at birth, total (years)",SP.DYN.LE00.IN,75.3585365853659,75.6073170731707
Romania,ROU,CO2 emissions (metric tons per capita),EN.ATM.CO2E.PC,3.86106171468889,3.81706295716296
Russian Federation,RUS,GDP (current US$),NY.GDP.MKTP.CD,1657328773461.31,1693115002708.32
Russian Federation,RUS,"Life expectancy at birth, total (years)",SP.DYN.LE00.IN,72.6621951219512,73.0839024390244
Russian Federation,RUS,CO2 emissions (metric tons per capita),EN.ATM.CO2E.PC,11.4965712497165,11.7971941673637
Rwanda,RWA,GDP (current US$),NY.GDP.MKTP.CD,9636254325.02444,10346326599.029
Rwanda,RWA,"Life expectancy at birth, total (years)",SP.DYN.LE00.IN,66.251,66.437
Rwanda,RWA,CO2 emissions (metric tons per capita),EN.ATM.CO2E.PC,0.111987033315544,0.113057797770289
Samoa,WSM,GDP (current US$),NY.GDP.MKTP.CD,878448433.404342,912950466.064906
Samoa,WSM,"Life expectancy at birth, total (years)",SP.DYN.LE00.IN,72.636,72.157
Samoa,WSM,CO2 emissions (metric tons per capita),EN.ATM.CO2E.PC,1.18597431581156,1.31521200537977
San Marino,SMR,GDP (current US$),NY.GDP.MKTP.CD,1655354303.86998,1616188702.33964
San Marino,SMR,"Life expectancy at birth, total (years)",SP.DYN.LE00.IN,..,..
San Marino,SMR,CO2 emissions (metric tons per capita),EN.ATM.CO2E.PC,..,..
Sao Tome and Principe,STP,GDP (current US$),NY.GDP.MKTP.CD,383717327.830508,412976064.479214
Sao Tome and Principe,STP,"Life expectancy at birth, total (years)",SP.DYN.LE00.IN,68.355,68.523
Sao Tome and Principe,STP,CO2 emissions (metric tons per capita),EN.ATM.CO2E.PC,0.650598077068665,0.6533115252168
Saudi Arabia,SAU,GDP (current US$),NY.GDP.MKTP.CD,846583791842.629,838564705295.139
Saudi Arabia,SAU,"Life expectancy at birth, total (years)",SP.DYN.LE00.IN,77.212,77.304
Saudi Arabia,SAU,CO2 emissions (metric tons per capita),EN.ATM.CO2E.PC,15.0655004937014,14.7030166496769
Senegal,SEN,GDP (current US$),NY.GDP.MKTP.CD,23116701556.1381,23403995992.1354
Senegal,SEN,"Life expectancy at birth, total (years)",SP.DYN.LE00.IN,68.097,68.526
Senegal,SEN,CO2 emissions (metric tons per capita),EN.ATM.CO2E.PC,0.65339707602786,0.768574983933597
Serbia,SRB,GDP (current US$),NY.GDP.MKTP.CD,50640662859.4987,51514242938.6734
Serbia,SRB,"Life expectancy at birth, total (years)",SP.DYN.LE00.IN,75.890243902439,75.9365853658537
Serbia,SRB,CO2 emissions (metric tons per capita),EN.ATM.CO2E.PC,6.61535438641515,6.62757991630233
Seychelles,SYC,GDP (current US$),NY.GDP.MKTP.CD,1588050311.16454,1645090567.04612
Seychelles,SYC,"Life expectancy at birth, total (years)",SP.DYN.LE00.IN,72.8414634146341,74.0463414634146
Seychelles,SYC,CO2 emissions (metric tons per capita),EN.ATM.CO2E.PC,6.22455096008764,6.09782330345711
Sierra Leone,SLE,GDP (current US$),NY.GDP.MKTP.CD,4085114387.55605,4076578698.79107
Sierra Leone,SLE,"Life expectancy at birth, total (years)",SP.DYN.LE00.IN,59.796,60.255
Sierra Leone,SLE,CO2 emissions (metric tons per capita),EN.ATM.CO2E.PC,0.132764621949018,0.129094346244259
Singapore,SGP,GDP (current US$),NY.GDP.MKTP.CD,376869492498.009,376837580397.579
Singapore,SGP,"Life expectancy at birth, total (years)",SP.DYN.LE00.IN,83.2975609756098,83.5951219512195
Singapore,SGP,CO2 emissions (metric tons per capita),EN.ATM.CO2E.PC,8.01821207673574,7.91841038479591
Sint Maarten (Dutch part),SXM,GDP (current US$),NY.GDP.MKTP.CD,1259200442.69574,1407880465.5512
Sint Maarten (Dutch part),SXM,"Life expectancy at birth, total (years)",SP.DYN.LE00.IN,75.131,75.437
Sint Maarten (Dutch part),SXM,CO2 emissions (metric tons per capita),EN.ATM.CO2E.PC,..,..
Slovak Republic,SVK,GDP (current US$),NY.GDP.MKTP.CD,106137924015.593,105711680180.565
Slovak Republic,SVK,"Life expectancy at birth, total (years)",SP.DYN.LE00.IN,77.2658536585366,77.6658536585366
Slovak Republic,SVK,CO2 emissions (metric tons per capita),EN.ATM.CO2E.PC,6.05957180869179,5.68970729978492
Slovenia,SVN,GDP (current US$),NY.GDP.MKTP.CD,54177882425.8431,54386654313.9685
Slovenia,SVN,"Life expectancy at birth, total (years)",SP.DYN.LE00.IN,81.3780487804878,81.5292682926829
Slovenia,SVN,CO2 emissions (metric tons per capita),EN.ATM.CO2E.PC,6.78573736169737,6.54333372438511
Solomon Islands,SLB,GDP (current US$),NY.GDP.MKTP.CD,1615478393.28614,1619155017.3924
Solomon Islands,SLB,"Life expectancy at birth, total (years)",SP.DYN.LE00.IN,70.173,70.382
Solomon Islands,SLB,CO2 emissions (metric tons per capita),EN.ATM.CO2E.PC,0.456428451161852,0.451560238402472
Somalia,SOM,GDP (current US$),NY.GDP.MKTP.CD,8278212314.40591,9420431258.24667
Somalia,SOM,"Life expectancy at birth, total (years)",SP.DYN.LE00.IN,56.375,57.078
Somalia,SOM,CO2 emissions (metric tons per capita),EN.ATM.CO2E.PC,0.0425732267936332,0.041029202880867
South Africa,ZAF,GDP (current US$),NY.GDP.MKTP.CD,405260723892.868,389330032221.07
South Africa,ZAF,"Life expectancy at birth, total (years)",SP.DYN.LE00.IN,65.674,66.175
South Africa,ZAF,CO2 emissions (metric tons per capita),EN.ATM.CO2E.PC,7.66737702463575,7.68890762322173
South Sudan,SSD,GDP (current US$),NY.GDP.MKTP.CD,..,..
South Sudan,SSD,"Life expectancy at birth, total (years)",SP.DYN.LE00.IN,55.95,55.912
South Sudan,SSD,CO2 emissions (metric tons per capita),EN.ATM.CO2E.PC,0.170162964539169,0.174641876951273
Spain,ESP,GDP (current US$),NY.GDP.MKTP.CD,1421702715218.04,1394320055129.41
Spain,ESP,"Life expectancy at birth, total (years)",SP.DYN.LE00.IN,83.4317073170732,83.8317073170732
Spain,ESP,CO2 emissions (metric tons per capita),EN.ATM.CO2E.PC,5.52105983547843,5.13179880095904
Sri Lanka,LKA,GDP (current US$),NY.GDP.MKTP.CD,94493871200.7869,89014978344.1404
Sri Lanka,LKA,"Life expectancy at birth, total (years)",SP.DYN.LE00.IN,75.748,76.008
Sri Lanka,LKA,CO2 emissions (metric tons per capita),EN.ATM.CO2E.PC,1.00093677895708,1.07452644131542
St. Kitts and Nevis,KNA,GDP (current US$),NY.GDP.MKTP.CD,1076240740.74074,1107155555.55556
St. Kitts and Nevis,KNA,"Life expectancy at birth, total (years)",SP.DYN.LE00.IN,71.467,71.572
St. Kitts and Nevis,KNA,CO2 emissions (metric tons per capita),EN.ATM.CO2E.PC,5.13389585645192,5.18737424547284
St. Lucia,LCA,GDP (current US$),NY.GDP.MKTP.CD,2057066666.66667,2102534000
St. Lucia,LCA,"Life expectancy at birth, total (years)",SP.DYN.LE00.IN,73.357,73.445
St. Lucia,LCA,CO2 emissions (metric tons per capita),EN.ATM.CO2E.PC,2.96759758949451,2.9935660169221
St. Martin (French part),MAF,GDP (current US$),NY.GDP.MKTP.CD,..,652206037.103874
St. Martin (French part),MAF,"Life expectancy at birth, total (years)",SP.DYN.LE00.IN,80.614,79.983
St. Martin (French part),MAF,CO2 emissions (metric tons per capita),EN.ATM.CO2E.PC,..,..
St. Vincent and the Grenadines,VCT,GDP (current US$),NY.GDP.MKTP.CD,884329629.62963,910766666.666667
St. Vincent and the Grenadines,VCT,"Life expectancy at birth, total (years)",SP.DYN.LE00.IN,74.128,72.835
St. Vincent and the Grenadines,VCT,CO2 emissions (metric tons per capita),EN.ATM.CO2E.PC,2.39644380277543,2.24066943692577
Sudan,SDN,GDP (current US$),NY.GDP.MKTP.CD,32333780383.2924,32338079165.2893
Sudan,SDN,"Life expectancy at birth, total (years)",SP.DYN.LE00.IN,65.681,65.876
Sudan,SDN,CO2 emissions (metric tons per capita),EN.ATM.CO2E.PC,0.515971084018811,0.511922936509227
Suriname,SUR,GDP (current US$),NY.GDP.MKTP.CD,3996198866.57453,4016040575.08796
Suriname,SUR,"Life expectancy at birth, total (years)",SP.DYN.LE00.IN,72.553,72.242
Suriname,SUR,CO2 emissions (metric tons per capita),EN.ATM.CO2E.PC,3.61542154063819,4.42581305045302
Sweden,SWE,GDP (current US$),NY.GDP.MKTP.CD,555455371487.089,533879529188.454
Sweden,SWE,"Life expectancy at birth, total (years)",SP.DYN.LE00.IN,82.5585365853659,83.109756097561
Sweden,SWE,CO2 emissions (metric tons per capita),EN.ATM.CO2E.PC,3.52974394445168,3.40159396635064
Switzerland,CHE,GDP (current US$),NY.GDP.MKTP.CD,725568717468.001,721369112726.724
Switzerland,CHE,"Life expectancy at birth, total (years)",SP.DYN.LE00.IN,83.7536585365854,83.9048780487805
Switzerland,CHE,CO2 emissions (metric tons per capita),EN.ATM.CO2E.PC,4.40214372735655,4.35860986463416
Syrian Arab Republic,SYR,GDP (current US$),NY.GDP.MKTP.CD,21496337948.9175,22600896342.9399
Syrian Arab Republic,SYR,"Life expectancy at birth, total (years)",SP.DYN.LE00.IN,70.145,71.822
Syrian Arab Republic,SYR,CO2 emissions (metric tons per capita),EN.ATM.CO2E.PC,1.46394362975738,1.33545948848982
Tajikistan,TJK,GDP (current US$),NY.GDP.MKTP.CD,7765000282.26569,8300813889.60795
Tajikistan,TJK,"Life expectancy at birth, total (years)",SP.DYN.LE00.IN,70.353,70.867
Tajikistan,TJK,CO2 emissions (metric tons per capita),EN.ATM.CO2E.PC,0.887070870578997,0.960233171179232
Tanzania,TZA,GDP (current US$),NY.GDP.MKTP.CD,57003712892.0858,61026731925.9213
Tanzania,TZA,"Life expectancy at birth, total (years)",SP.DYN.LE00.IN,66.535,66.989
Tanzania,TZA,CO2 emissions (metric tons per capita),EN.ATM.CO2E.PC,0.206899782120787,0.249877326981355
Thailand,THA,GDP (current US$),NY.GDP.MKTP.CD,506754208404.485,543976691793.886
Thailand,THA,"Life expectancy at birth, total (years)",SP.DYN.LE00.IN,78.662,78.975
Thailand,THA,CO2 emissions (metric tons per capita),EN.ATM.CO2E.PC,3.71842785188273,3.84904375698898
Timor-Leste,TLS,GDP (current US$),NY.GDP.MKTP.CD,1566157200,2027034000
Timor-Leste,TLS,"Life expectancy at birth, total (years)",SP.DYN.LE00.IN,68.017,68.268
Timor-Leste,TLS,CO2 emissions (metric tons per capita),EN.ATM.CO2E.PC,0.404249333317484,0.482334951008952
Togo,TGO,GDP (current US$),NY.GDP.MKTP.CD,7029215766.46367,6992654019.28876
Togo,TGO,"Life expectancy at birth, total (years)",SP.DYN.LE00.IN,60.244,60.901
Togo,TGO,CO2 emissions (metric tons per capita),EN.ATM.CO2E.PC,0.272149541444365,0.296284380597868
Tonga,TON,GDP (current US$),NY.GDP.MKTP.CD,488906838.594866,512053692.078675
Tonga,TON,"Life expectancy at birth, total (years)",SP.DYN.LE00.IN,70.779,70.871
Tonga,TON,CO2 emissions (metric tons per capita),EN.ATM.CO2E.PC,1.27627199239182,1.53881335099237
Trinidad and Tobago,TTO,GDP (current US$),NY.GDP.MKTP.CD,24569079488.3913,23775754304.6652
Trinidad and Tobago,TTO,"Life expectancy at birth, total (years)",SP.DYN.LE00.IN,73.802,74.228
Trinidad and Tobago,TTO,CO2 emissions (metric tons per capita),EN.ATM.CO2E.PC,11.8054055634678,11.3130322937192
Tunisia,TUN,GDP (current US$),NY.GDP.MKTP.CD,42686580020.8322,41905540184.424
Tunisia,TUN,"Life expectancy at birth, total (years)",SP.DYN.LE00.IN,75.95,75.993
Tunisia,TUN,CO2 emissions (metric tons per capita),EN.ATM.CO2E.PC,2.59976480429423,2.57649522620126
Turkiye,TUR,GDP (current US$),NY.GDP.MKTP.CD,778972199727.859,761005946788.221
Turkiye,TUR,"Life expectancy at birth, total (years)",SP.DYN.LE00.IN,77.563,77.832
Turkiye,TUR,CO2 emissions (metric tons per capita),EN.ATM.CO2E.PC,5.08691958023764,4.82896105858795
Turkmenistan,TKM,GDP (current US$),NY.GDP.MKTP.CD,40765428571.4286,45232857142.8571
Turkmenistan,TKM,"Life expectancy at birth, total (years)",SP.DYN.LE00.IN,68.796,69.002
Turkmenistan,TKM,CO2 emissions (metric tons per capita),EN.ATM.CO2E.PC,10.4397215133356,10.2675361537537
Turks and Caicos Islands,TCA,GDP (current US$),NY.GDP.MKTP.CD,1113178000,1197415000
Turks and Caicos Islands,TCA,"Life expectancy at birth, total (years)",SP.DYN.LE00.IN,76.443,75.326
Turks and Caicos Islands,TCA,CO2 emissions (metric tons per capita),EN.ATM.CO2E.PC,..,..
Tuvalu,TUV,GDP (current US$),NY.GDP.MKTP.CD,48015259.8751356,54123198.5662913
Tuvalu,TUV,"Life expectancy at birth, total (years)",SP.DYN.LE00.IN,64.212,64.278
Tuvalu,TUV,CO2 emissions (metric tons per capita),EN.ATM.CO2E.PC,0.809940174873447,0.812340270171595
Uganda,UGA,GDP (current US$),NY.GDP.MKTP.CD,32927025619.6795,35348155095.4215
Uganda,UGA,"Life expectancy at birth, total (years)",SP.DYN.LE00.IN,62.714,62.991
Uganda,UGA,CO2 emissions (metric tons per capita),EN.ATM.CO2E.PC,0.14131143398732,0.138373161893107
Ukraine,UKR,GDP (current US$),NY.GDP.MKTP.CD,130891088293.55,153883047509.577
Ukraine,UKR,"Life expectancy at birth, total (years)",SP.DYN.LE00.IN,71.5826829268293,71.8273170731707
Ukraine,UKR,CO2 emissions (metric tons per capita),EN.ATM.CO2E.PC,4.15986834270536,3.93365253612705
United Arab Emirates,ARE,GDP (current US$),NY.GDP.MKTP.CD,427049432149.345,417989721734.494
United Arab Emirates,ARE,"Life expectancy at birth, total (years)",SP.DYN.LE00.IN,79.627,79.726
United Arab Emirates,ARE,CO2 emissions (metric tons per capita),EN.ATM.CO2E.PC,19.060949529489,20.1533448325312
United Kingdom,GBR,GDP (current US$),NY.GDP.MKTP.CD,2871340347581.79,2851407164907.81
United Kingdom,GBR,"Life expectancy at birth, total (years)",SP.DYN.LE00.IN,81.2560975609756,81.4048780487805
United Kingdom,GBR,CO2 emissions (metric tons per capita),EN.ATM.CO2E.PC,5.42512840439105,5.17584247261224
United States,USA,GDP (current US$),NY.GDP.MKTP.CD,20533057312000,21380976119000
United States,USA,"Life expectancy at birth, total (years)",SP.DYN.LE00.IN,78.6390243902439,78.7878048780488
United States,USA,CO2 emissions (metric tons per capita),EN.ATM.CO2E.PC,15.2225180998504,14.6733807134556
Uruguay,URY,GDP (current US$),NY.GDP.MKTP.CD,65203071817.9812,62048585618.505
Uruguay,URY,"Life expectancy at birth, total (years)",SP.DYN.LE00.IN,77.611,77.508
Uruguay,URY,CO2 emissions (metric tons per capita),EN.ATM.CO2E.PC,1.91001452564632,1.98538155745128
Uzbekistan,UZB,GDP (current US$),NY.GDP.MKTP.CD,52870108217.2949,60283503705.3907
Uzbekistan,UZB,"Life expectancy at birth, total (years)",SP.DYN.LE00.IN,71.149,71.344
Uzbekistan,UZB,CO2 emissions (metric tons per capita),EN.ATM.CO2E.PC,3.42032279304893,3.50466269708326
Vanuatu,VUT,GDP (current US$),NY.GDP.MKTP.CD,914736985.430944,936526267.622513
Vanuatu,VUT,"Life expectancy at birth, total (years)",SP.DYN.LE00.IN,69.795,69.877
Vanuatu,VUT,CO2 emissions (metric tons per capita),EN.ATM.CO2E.PC,0.597044043350443,0.548284516629216
"Venezuela, RB",VEN,GDP (current US$),NY.GDP.MKTP.CD,..,..
"Venezuela, RB",VEN,"Life expectancy at birth, total (years)",SP.DYN.LE00.IN,71.979,72.161
"Venezuela, RB",VEN,CO2 emissions (metric tons per capita),EN.ATM.CO2E.PC,4.36396145291438,3.71059907013341
Viet Nam,VNM,GDP (current US$),NY.GDP.MKTP.CD,310106478394.659,334365270496.667
Viet Nam,VNM,"Life expectancy at birth, total (years)",SP.DYN.LE00.IN,73.976,74.093
Viet Nam,VNM,CO2 emissions (metric tons per capita),EN.ATM.CO2E.PC,3.01471126646524,3.56784836932601
Virgin Islands (U.S.),VIR,GDP (current US$),NY.GDP.MKTP.CD,3923000000,4121000000
Virgin Islands (U.S.),VIR,"Life expectancy at birth, total (years)",SP.DYN.LE00.IN,79.5195121951219,79.6682926829268
Virgin Islands (U.S.),VIR,CO2 emissions (metric tons per capita),EN.ATM.CO2E.PC,..,..
West Bank and Gaza,PSE,GDP (current US$),NY.GDP.MKTP.CD,16276600000,17133500000
West Bank and Gaza,PSE,"Life expectancy at birth, total (years)",SP.DYN.LE00.IN,74.793,75.241
West Bank and Gaza,PSE,CO2 emissions (metric tons per capita),EN.ATM.CO2E.PC,..,..
"Yemen, Rep.",YEM,GDP (current US$),NY.GDP.MKTP.CD,21606160777.1719,..
"Yemen, Rep.",YEM,"Life expectancy at birth, total (years)",SP.DYN.LE00.IN,64.575,65.092
"Yemen, Rep.",YEM,CO2 emissions (metric tons per capita),EN.ATM.CO2E.PC,0.36861354015115,0.354864476911382
Zambia,ZMB,GDP (current US$),NY.GDP.MKTP.CD,26311507273.6735,23308667781.2258
Zambia,ZMB,"Life expectancy at birth, total (years)",SP.DYN.LE00.IN,62.342,62.793
Zambia,ZMB,CO2 emissions (metric tons per capita),EN.ATM.CO2E.PC,0.440527424110472,0.414336363523101
Zimbabwe,ZWE,GDP (current US$),NY.GDP.MKTP.CD,34156069918.0609,21832234921.1762
Zimbabwe,ZWE,"Life expectancy at birth, total (years)",SP.DYN.LE00.IN,61.414,61.292
Zimbabwe,ZWE,CO2 emissions (metric tons per capita),EN.ATM.CO2E.PC,0.73543480467685,0.663338328142275
,,,,,
,,,,,
,,,,,
Data from database: World Development Indicators,,,,,
Last Updated: 12/19/2023,,,,,
